{"task": "softrobot", "seed": 118, "difficulty": 3, "width": 8, "height": 5, "terrain": [0.07960344669377534, 0.08063428752028984, -0.018366865649378658, -0.02767915709049768, 0.019557629734796633, -0.05449842193668017, 0.040896844356197115, 0.0792192410192872, 0.005658766918856403, 0.07149642036258361, -0.04903830695975214, 0.060390205332592345, 0.04187857389417378, 0.003997676591666249, 0.011558033335656248, 0.03141011866639981, 0.015524182099979453, 0.03044601493452212, 0.0638587612607462, 0.037994780557771654, 0.08899667475196074, 0.0698095323145973, 0.02196644157125012, -0.040451775296026074, 0.032447352616923095, -0.02064570426710119, 0.020461454847522598, 0.04081170792198542, -0.036783768806655466, 0.03521535508414929, -0.013233232276509035, 0.0475827091582607], "steps": 100, "budget": 22}