{"task": "multipole", "seed": 111, "difficulty": 2, "poles": 4, "lengths": [0.7421968135713998, 0.7515819805753806, 0.9535785886989594, 1.044871324072251], "initial_angles": [0.009340594378409013, 0.1438869475088581, 0.025938319361033076, 0.045450817561748194], "wind": -0.08097621246198006, "steps": 360}