{"task": "world_mpc", "seed": 114, "difficulty": 2, "state": [0.24557765490193706, 0.13553977928205685, 0.0, 0.0], "target": [0.7753445296584108, 0.8260280453841738], "wind": 0.010830464909720915, "drag": 0.0604912958295491, "steps": 55}