{"task": "pathtracer", "seed": 112, "difficulty": 3, "width": 40, "height": 32, "spheres": [[0.23152130910535876, 0.6389598579525836, 0.15986734243246564, 0.16391729223773002, 0.21155737479976286, 0.5471650766389237], [0.728969169282482, 0.33618739932571495, 0.11128930539801607, 0.7279254037350597, 0.18954172080855355, 0.8075779561123675], [0.8265481407739909, 0.6129333121822207, 0.1784493246588176, 0.5575143072668518, 0.30063285835037223, 0.798944835698964], [0.838131909134337, 0.5977064385362134, 0.09110393963445945, 0.4102803351024852, 0.33057952151198844, 0.7593509682176619], [0.28381529160457897, 0.21838056694538158, 0.1285055720115162, 0.5441422855984716, 0.5297439806392702, 0.5935343974822029]], "light": [0.6039822039863394, 0.13483037031945624]}